Pop_ID	Private	Num_Indv	Var	StdErr	P	Var	StdErr	Obs_Het	Var	StdErr	Obs_Hom	Var	StdErr	Exp_Het	Var	StdErr	Exp_Hom	Var	StdErr	Pi	Var	StdErr	Fis	Var	StdErr
LduttDuck	0	84.15427	30.61299	0.03524	0.85	0.01665	0.00082	0.19118	0.01703	0.00083	0.80882	0.01703	0.00083	0.22171	0.02187	0.00094	0.77829	0.02187	0.00094	0.22304	0.02213	0.00095	0.13111	0.04008	0.03524
